country,admin1,lat,lon,type,events,fatalities
Bahrain,Capital,26.1927,50.5508,Protests,3363,1
Bahrain,Capital,26.1927,50.5508,Riots,1412,0
Bahrain,Capital,26.1927,50.5508,Violence against civilians,9,2
Bahrain,Muharraq,26.2547,50.6428,Battles,1,3
Bahrain,Muharraq,26.2547,50.6428,Protests,239,0
Bahrain,Muharraq,26.2547,50.6428,Riots,82,0
Bahrain,Muharraq,26.2547,50.6428,Violence against civilians,10,0
Bahrain,Northern,26.1468,50.4809,Battles,4,0
Bahrain,Northern,26.1468,50.4809,Protests,3087,2
Bahrain,Northern,26.1468,50.4809,Riots,1045,5
Bahrain,Northern,26.1468,50.4809,Violence against civilians,9,0
Bahrain,Southern,25.9954,50.5421,Protests,181,0
Bahrain,Southern,25.9954,50.5421,Riots,317,0
Bahrain,Southern,25.9954,50.5421,Violence against civilians,25,1
Iran,Alborz,35.9457,50.906,Battles,1,0
Iran,Alborz,35.9457,50.906,Protests,436,5
Iran,Alborz,35.9457,50.906,Riots,40,19
Iran,Alborz,35.9457,50.906,Violence against civilians,8,3
Iran,Ardabil,38.4066,47.9857,Protests,333,0
Iran,Ardabil,38.4066,47.9857,Riots,7,0
Iran,Ardabil,38.4066,47.9857,Violence against civilians,1,1
Iran,Bushehr,28.7846,51.5038,Protests,614,1
Iran,Bushehr,28.7846,51.5038,Riots,22,0
Iran,Bushehr,28.7846,51.5038,Violence against civilians,2,1
Iran,Chaharmahal and Bakhtiari,31.979,50.8101,Protests,307,0
Iran,Chaharmahal and Bakhtiari,31.979,50.8101,Riots,15,0
Iran,East Azerbaijan,38.0858,46.6924,Protests,857,1
Iran,East Azerbaijan,38.0858,46.6924,Riots,21,5
Iran,East Azerbaijan,38.0858,46.6924,Violence against civilians,3,3
Iran,Fars,29.3576,53.3176,Battles,6,11
Iran,Fars,29.3576,53.3176,Protests,867,1
Iran,Fars,29.3576,53.3176,Riots,42,40
Iran,Fars,29.3576,53.3176,Violence against civilians,9,27
Iran,Gilan,37.5092,49.0189,Protests,786,4
Iran,Gilan,37.5092,49.0189,Riots,39,35
Iran,Gilan,37.5092,49.0189,Violence against civilians,5,2
Iran,Golestan,37.2982,54.8804,Protests,203,0
Iran,Golestan,37.2982,54.8804,Riots,14,1
Iran,Golestan,37.2982,54.8804,Violence against civilians,2,2
Iran,Hamadan,34.8698,48.559,Protests,334,2
Iran,Hamadan,34.8698,48.559,Riots,24,7
Iran,Hamadan,34.8698,48.559,Violence against civilians,2,2
Iran,Hormozgan,27.1422,55.0325,Battles,5,8
Iran,Hormozgan,27.1422,55.0325,Protests,485,1
Iran,Hormozgan,27.1422,55.0325,Riots,30,5
Iran,Hormozgan,27.1422,55.0325,Violence against civilians,18,15
Iran,Ilam,33.0433,46.8724,Battles,3,1
Iran,Ilam,33.0433,46.8724,Protests,374,1
Iran,Ilam,33.0433,46.8724,Riots,14,0
Iran,Ilam,33.0433,46.8724,Violence against civilians,5,1
Iran,Isfahan,32.6094,52.0477,Battles,3,2
Iran,Isfahan,32.6094,52.0477,Protests,1392,3
Iran,Isfahan,32.6094,52.0477,Riots,62,35
Iran,Isfahan,32.6094,52.0477,Violence against civilians,5,4
Iran,Kerman,29.2326,57.3392,Battles,6,17
Iran,Kerman,29.2326,57.3392,Protests,614,0
Iran,Kerman,29.2326,57.3392,Riots,23,6
Iran,Kerman,29.2326,57.3392,Violence against civilians,25,25
Iran,Kermanshah,34.4871,46.8086,Battles,17,33
Iran,Kermanshah,34.4871,46.8086,Protests,772,1
Iran,Kermanshah,34.4871,46.8086,Riots,45,124
Iran,Kermanshah,34.4871,46.8086,Violence against civilians,36,26
Iran,Khuzestan,31.4636,48.9916,Battles,23,70
Iran,Khuzestan,31.4636,48.9916,Protests,3871,11
Iran,Khuzestan,31.4636,48.9916,Riots,144,124
Iran,Khuzestan,31.4636,48.9916,Violence against civilians,30,26
Iran,Kohgiluyeh and Boyer-Ahmad,30.7032,51.0949,Battles,1,2
Iran,Kohgiluyeh and Boyer-Ahmad,30.7032,51.0949,Protests,513,1
Iran,Kohgiluyeh and Boyer-Ahmad,30.7032,51.0949,Riots,15,2
Iran,Kohgiluyeh and Boyer-Ahmad,30.7032,51.0949,Violence against civilians,4,1
Iran,Kurdistan,35.6014,47.0057,Battles,55,96
Iran,Kurdistan,35.6014,47.0057,Protests,891,2
Iran,Kurdistan,35.6014,47.0057,Riots,111,95
Iran,Kurdistan,35.6014,47.0057,Violence against civilians,77,65
Iran,Lorestan,33.5164,48.3219,Battles,3,7
Iran,Lorestan,33.5164,48.3219,Protests,650,0
Iran,Lorestan,33.5164,48.3219,Riots,25,6
Iran,Lorestan,33.5164,48.3219,Violence against civilians,9,7
Iran,Markazi,34.4772,49.5818,Battles,2,2
Iran,Markazi,34.4772,49.5818,Protests,593,2
Iran,Markazi,34.4772,49.5818,Riots,15,1
Iran,Markazi,34.4772,49.5818,Violence against civilians,5,1
Iran,Mazandaran,36.3633,52.3677,Protests,631,5
Iran,Mazandaran,36.3633,52.3677,Riots,32,19
Iran,Mazandaran,36.3633,52.3677,Violence against civilians,3,3
Iran,North Khorasan,37.4249,57.178,Protests,198,0
Iran,North Khorasan,37.4249,57.178,Riots,2,0
Iran,North Khorasan,37.4249,57.178,Violence against civilians,2,1
Iran,Qazvin,36.1089,50.0386,Protests,556,0
Iran,Qazvin,36.1089,50.0386,Riots,15,5
Iran,Qazvin,36.1089,50.0386,Violence against civilians,3,2
Iran,Qom,34.6674,51.002,Battles,1,1
Iran,Qom,34.6674,51.002,Protests,192,0
Iran,Qom,34.6674,51.002,Riots,12,1
Iran,Qom,34.6674,51.002,Violence against civilians,2,1
Iran,Razavi Khorasan,35.7792,59.0295,Battles,2,1
Iran,Razavi Khorasan,35.7792,59.0295,Protests,926,1
Iran,Razavi Khorasan,35.7792,59.0295,Riots,45,12
Iran,Razavi Khorasan,35.7792,59.0295,Violence against civilians,17,20
Iran,Semnan,35.7868,54.9676,Protests,294,0
Iran,Semnan,35.7868,54.9676,Riots,5,2
Iran,Semnan,35.7868,54.9676,Violence against civilians,1,0
Iran,Sistan and Baluchestan,28.2728,60.8613,Battles,149,326
Iran,Sistan and Baluchestan,28.2728,60.8613,Protests,514,4
Iran,Sistan and Baluchestan,28.2728,60.8613,Riots,106,140
Iran,Sistan and Baluchestan,28.2728,60.8613,Violence against civilians,217,231
Iran,South Khorasan,32.8019,58.24,Battles,3,3
Iran,South Khorasan,32.8019,58.24,Protests,116,0
Iran,South Khorasan,32.8019,58.24,Riots,1,0
Iran,South Khorasan,32.8019,58.24,Violence against civilians,2,3
Iran,Tehran,35.5022,51.3269,Battles,7,28
Iran,Tehran,35.5022,51.3269,Protests,4515,11
Iran,Tehran,35.5022,51.3269,Riots,211,154
Iran,Tehran,35.5022,51.3269,Violence against civilians,42,31
Iran,West Azerbaijan,37.8742,44.7003,Battles,76,154
Iran,West Azerbaijan,37.8742,44.7003,Protests,578,4
Iran,West Azerbaijan,37.8742,44.7003,Riots,74,75
Iran,West Azerbaijan,37.8742,44.7003,Violence against civilians,116,107
Iran,Yazd,31.4825,54.4162,Protests,473,0
Iran,Yazd,31.4825,54.4162,Riots,11,0
Iran,Yazd,31.4825,54.4162,Violence against civilians,1,0
Iran,Zanjan,36.4014,48.422,Protests,323,0
Iran,Zanjan,36.4014,48.422,Riots,8,3
Iran,Zanjan,36.4014,48.422,Violence against civilians,2,4
Iraq,Al Anbar,33.1774,41.3987,Battles,651,2595
Iraq,Al Anbar,33.1774,41.3987,Protests,8,0
Iraq,Al Anbar,33.1774,41.3987,Riots,2,0
Iraq,Al Anbar,33.1774,41.3987,Violence against civilians,108,292
Iraq,Al Basrah,30.2047,47.5084,Battles,235,114
Iraq,Al Basrah,30.2047,47.5084,Protests,1571,17
Iraq,Al Basrah,30.2047,47.5084,Riots,167,67
Iraq,Al Basrah,30.2047,47.5084,Violence against civilians,193,131
Iraq,Al Muthanna,30.4107,45.3606,Battles,58,33
Iraq,Al Muthanna,30.4107,45.3606,Protests,948,3
Iraq,Al Muthanna,30.4107,45.3606,Riots,65,1
Iraq,Al Muthanna,30.4107,45.3606,Violence against civilians,23,11
Iraq,Al Najaf,31.0697,43.38,Battles,44,37
Iraq,Al Najaf,31.0697,43.38,Protests,136,17
Iraq,Al Najaf,31.0697,43.38,Riots,52,25
Iraq,Al Najaf,31.0697,43.38,Violence against civilians,51,29
Iraq,Al Qadissiya,31.8451,45.1666,Battles,33,24
Iraq,Al Qadissiya,31.8451,45.1666,Protests,511,0
Iraq,Al Qadissiya,31.8451,45.1666,Riots,88,28
Iraq,Al Qadissiya,31.8451,45.1666,Violence against civilians,29,9
Iraq,Al Sulaymaniyah,35.5263,45.379,Battles,71,60
Iraq,Al Sulaymaniyah,35.5263,45.379,Protests,712,0
Iraq,Al Sulaymaniyah,35.5263,45.379,Riots,54,18
Iraq,Al Sulaymaniyah,35.5263,45.379,Violence against civilians,76,58
Iraq,Babil,32.5765,44.6371,Battles,98,92
Iraq,Babil,32.5765,44.6371,Protests,119,7
Iraq,Babil,32.5765,44.6371,Riots,37,4
Iraq,Babil,32.5765,44.6371,Violence against civilians,43,17
Iraq,Baghdad,33.278,44.3783,Battles,783,753
Iraq,Baghdad,33.278,44.3783,Protests,645,55
Iraq,Baghdad,33.278,44.3783,Riots,180,204
Iraq,Baghdad,33.278,44.3783,Violence against civilians,640,464
Iraq,Diyala,34.0711,44.8903,Battles,1069,1416
Iraq,Diyala,34.0711,44.8903,Protests,195,0
Iraq,Diyala,34.0711,44.8903,Riots,13,4
Iraq,Diyala,34.0711,44.8903,Violence against civilians,369,425
Iraq,Duhok,37.0446,43.1386,Battles,3056,898
Iraq,Duhok,37.0446,43.1386,Protests,41,0
Iraq,Duhok,37.0446,43.1386,Riots,7,6
Iraq,Duhok,37.0446,43.1386,Violence against civilians,33,26
Iraq,Erbil,36.3791,44.2104,Battles,583,558
Iraq,Erbil,36.3791,44.2104,Protests,336,0
Iraq,Erbil,36.3791,44.2104,Riots,9,0
Iraq,Erbil,36.3791,44.2104,Violence against civilians,65,43
Iraq,Kerbala,32.49,43.8069,Battles,26,15
Iraq,Kerbala,32.49,43.8069,Protests,133,25
Iraq,Kerbala,32.49,43.8069,Riots,48,9
Iraq,Kerbala,32.49,43.8069,Violence against civilians,26,16
Iraq,Kirkuk,35.2858,44.0603,Battles,886,2094
Iraq,Kirkuk,35.2858,44.0603,Protests,131,0
Iraq,Kirkuk,35.2858,44.0603,Riots,21,5
Iraq,Kirkuk,35.2858,44.0603,Violence against civilians,239,597
Iraq,Maysan,31.999,47.135,Battles,213,178
Iraq,Maysan,31.999,47.135,Protests,473,2
Iraq,Maysan,31.999,47.135,Riots,58,7
Iraq,Maysan,31.999,47.135,Violence against civilians,221,151
Iraq,Ninewa,35.9879,42.3496,Battles,1140,10649
Iraq,Ninewa,35.9879,42.3496,Protests,164,0
Iraq,Ninewa,35.9879,42.3496,Riots,11,2
Iraq,Ninewa,35.9879,42.3496,Violence against civilians,342,2314
Iraq,Salah Al Din,34.6687,43.6316,Battles,924,3020
Iraq,Salah Al Din,34.6687,43.6316,Protests,21,0
Iraq,Salah Al Din,34.6687,43.6316,Riots,2,0
Iraq,Salah Al Din,34.6687,43.6316,Violence against civilians,121,197
Iraq,Thi Qar,31.2876,46.2732,Battles,218,145
Iraq,Thi Qar,31.2876,46.2732,Protests,1048,13
Iraq,Thi Qar,31.2876,46.2732,Riots,439,148
Iraq,Thi Qar,31.2876,46.2732,Violence against civilians,173,100
Iraq,Wassit,32.7059,45.704,Battles,27,24
Iraq,Wassit,32.7059,45.704,Protests,377,0
Iraq,Wassit,32.7059,45.704,Riots,69,12
Iraq,Wassit,32.7059,45.704,Violence against civilians,38,33
Israel,HaDarom,30.6783,34.8831,Battles,149,873
Israel,HaDarom,30.6783,34.8831,Protests,940,1
Israel,HaDarom,30.6783,34.8831,Riots,125,2
Israel,HaDarom,30.6783,34.8831,Violence against civilians,101,831
Israel,HaMerkaz,32.085,34.9167,Battles,15,5
Israel,HaMerkaz,32.085,34.9167,Protests,1945,0
Israel,HaMerkaz,32.085,34.9167,Riots,144,5
Israel,HaMerkaz,32.085,34.9167,Violence against civilians,52,17
Israel,HaZafon,32.839,35.3807,Battles,192,13
Israel,HaZafon,32.839,35.3807,Protests,1356,0
Israel,HaZafon,32.839,35.3807,Riots,116,0
Israel,HaZafon,32.839,35.3807,Violence against civilians,69,6
Israel,Haifa,32.6278,34.9819,Battles,4,2
Israel,Haifa,32.6278,34.9819,Protests,1222,0
Israel,Haifa,32.6278,34.9819,Riots,99,1
Israel,Haifa,32.6278,34.9819,Violence against civilians,21,8
Israel,Jerusalem,31.7281,34.9945,Battles,1,0
Israel,Jerusalem,31.7281,34.9945,Protests,985,0
Israel,Jerusalem,31.7281,34.9945,Riots,412,0
Israel,Jerusalem,31.7281,34.9945,Violence against civilians,17,13
Israel,Tel Aviv,32.0984,34.8103,Battles,3,2
Israel,Tel Aviv,32.0984,34.8103,Protests,1586,0
Israel,Tel Aviv,32.0984,34.8103,Riots,233,4
Israel,Tel Aviv,32.0984,34.8103,Violence against civilians,24,30
Jordan,Ajlun,32.2912,35.7319,Battles,1,1
Jordan,Ajlun,32.2912,35.7319,Protests,37,0
Jordan,Ajlun,32.2912,35.7319,Riots,10,0
Jordan,Al Aqabah,29.9747,35.2057,Battles,3,1
Jordan,Al Aqabah,29.9747,35.2057,Protests,127,0
Jordan,Al Aqabah,29.9747,35.2057,Riots,2,1
Jordan,Al Balqa,31.9393,35.6476,Battles,6,6
Jordan,Al Balqa,31.9393,35.6476,Protests,189,0
Jordan,Al Balqa,31.9393,35.6476,Riots,19,2
Jordan,Al Karak,31.1106,35.8385,Battles,3,0
Jordan,Al Karak,31.1106,35.8385,Protests,244,0
Jordan,Al Karak,31.1106,35.8385,Riots,38,3
Jordan,Al Karak,31.1106,35.8385,Violence against civilians,5,0
Jordan,Al Mafraq,32.5408,38.1525,Battles,4,7
Jordan,Al Mafraq,32.5408,38.1525,Protests,97,0
Jordan,Al Mafraq,32.5408,38.1525,Riots,10,2
Jordan,Amman,31.6696,36.3151,Battles,13,9
Jordan,Amman,31.6696,36.3151,Protests,1417,0
Jordan,Amman,31.6696,36.3151,Riots,66,5
Jordan,Amman,31.6696,36.3151,Violence against civilians,4,2
Jordan,At Tafilah,30.8097,35.6612,Battles,1,0
Jordan,At Tafilah,30.8097,35.6612,Protests,107,0
Jordan,At Tafilah,30.8097,35.6612,Riots,3,0
Jordan,Az Zarqa,31.8608,36.8739,Battles,9,0
Jordan,Az Zarqa,31.8608,36.8739,Protests,198,0
Jordan,Az Zarqa,31.8608,36.8739,Riots,52,2
Jordan,Irbid,32.4735,35.8353,Battles,35,10
Jordan,Irbid,32.4735,35.8353,Protests,372,0
Jordan,Irbid,32.4735,35.8353,Riots,137,12
Jordan,Irbid,32.4735,35.8353,Violence against civilians,6,1
Jordan,Jerash,32.2431,35.9005,Battles,7,1
Jordan,Jerash,32.2431,35.9005,Protests,44,0
Jordan,Jerash,32.2431,35.9005,Riots,16,2
Jordan,Maan,30.2431,36.501,Battles,3,8
Jordan,Maan,30.2431,36.501,Protests,180,0
Jordan,Maan,30.2431,36.501,Riots,12,1
Jordan,Madaba,31.6029,35.6669,Battles,2,1
Jordan,Madaba,31.6029,35.6669,Protests,144,0
Jordan,Madaba,31.6029,35.6669,Riots,20,6
Jordan,Madaba,31.6029,35.6669,Violence against civilians,1,1
Kuwait,Al Ahmadi,28.8688,47.9227,Protests,2,0
Kuwait,Al Asimah,29.3474,47.9688,Protests,63,0
Kuwait,Al Asimah,29.3474,47.9688,Riots,3,1
Kuwait,Al Farwaniyah,29.2476,47.9119,Protests,6,0
Kuwait,Al Jahra,29.4988,47.3671,Protests,7,0
Kuwait,Hawalli,29.3117,48.0552,Protests,2,0
Kuwait,Mubarak al Kabir,29.2228,48.0509,Protests,2,0
Lebanon,Akkar,34.5499,36.1901,Battles,57,36
Lebanon,Akkar,34.5499,36.1901,Protests,721,0
Lebanon,Akkar,34.5499,36.1901,Riots,204,2
Lebanon,Akkar,34.5499,36.1901,Violence against civilians,20,4
Lebanon,Al Nabatieh,33.2832,35.4971,Battles,149,63
Lebanon,Al Nabatieh,33.2832,35.4971,Protests,549,0
Lebanon,Al Nabatieh,33.2832,35.4971,Riots,157,1
Lebanon,Al Nabatieh,33.2832,35.4971,Violence against civilians,45,8
Lebanon,Baalbek-Hermel,34.1673,36.2993,Battles,184,279
Lebanon,Baalbek-Hermel,34.1673,36.2993,Protests,525,0
Lebanon,Baalbek-Hermel,34.1673,36.2993,Riots,137,0
Lebanon,Baalbek-Hermel,34.1673,36.2993,Violence against civilians,48,18
Lebanon,Beirut,33.8886,35.5016,Battles,18,4
Lebanon,Beirut,33.8886,35.5016,Protests,2112,0
Lebanon,Beirut,33.8886,35.5016,Riots,448,4
Lebanon,Beirut,33.8886,35.5016,Violence against civilians,14,2
Lebanon,Bekaa,33.6407,35.8097,Battles,32,17
Lebanon,Bekaa,33.6407,35.8097,Protests,1078,0
Lebanon,Bekaa,33.6407,35.8097,Riots,220,4
Lebanon,Bekaa,33.6407,35.8097,Violence against civilians,22,6
Lebanon,Mount Lebanon,33.8513,35.6478,Battles,66,34
Lebanon,Mount Lebanon,33.8513,35.6478,Protests,1819,1
Lebanon,Mount Lebanon,33.8513,35.6478,Riots,560,4
Lebanon,Mount Lebanon,33.8513,35.6478,Violence against civilians,34,11
Lebanon,North,34.3195,35.9369,Battles,117,41
Lebanon,North,34.3195,35.9369,Protests,1805,0
Lebanon,North,34.3195,35.9369,Riots,535,13
Lebanon,North,34.3195,35.9369,Violence against civilians,29,5
Lebanon,South,33.3416,35.3035,Battles,173,103
Lebanon,South,33.3416,35.3035,Protests,1309,2
Lebanon,South,33.3416,35.3035,Riots,360,2
Lebanon,South,33.3416,35.3035,Violence against civilians,34,9
Oman,Ad Dakhiliyah,22.3885,57.2237,Protests,3,0
Oman,Ad Dakhiliyah,22.3885,57.2237,Riots,1,0
Oman,Ad Dhahirah,23.0064,55.9877,Protests,2,0
Oman,Ad Dhahirah,23.0064,55.9877,Riots,1,0
Oman,Al Batinah North,24.2357,56.5739,Protests,3,0
Oman,Al Batinah North,24.2357,56.5739,Riots,1,0
Oman,Al Batinah South,23.4831,57.6494,Protests,2,0
Oman,Al Batinah South,23.4831,57.6494,Riots,1,0
Oman,Ash Sharqiyah North,21.7224,58.5473,Protests,1,0
Oman,Ash Sharqiyah South,22.1156,59.5208,Protests,2,0
Oman,Ash Sharqiyah South,22.1156,59.5208,Riots,1,0
Oman,Dhofar,18.8597,54.5566,Protests,5,0
Oman,Dhofar,18.8597,54.5566,Riots,1,0
Oman,Dhofar,18.8597,54.5566,Violence against civilians,2,1
Oman,Gulf of Oman,24.5876,58.5161,Violence against civilians,2,0
Oman,Muscat,23.2501,58.7601,Battles,1,4
Oman,Muscat,23.2501,58.7601,Protests,8,0
Oman,Muscat,23.2501,58.7601,Violence against civilians,2,5
Palestine,Gaza Strip,31.407,34.3577,Battles,1640,8547
Palestine,Gaza Strip,31.407,34.3577,Protests,1467,27
Palestine,Gaza Strip,31.407,34.3577,Riots,786,253
Palestine,Gaza Strip,31.407,34.3577,Violence against civilians,483,618
Palestine,West Bank,31.9475,35.267,Battles,3986,997
Palestine,West Bank,31.9475,35.267,Protests,4257,7
Palestine,West Bank,31.9475,35.267,Riots,25909,350
Palestine,West Bank,31.9475,35.267,Violence against civilians,3474,250
Qatar,Ad Dawnah,25.2934,51.5014,Protests,27,0
Qatar,Ad Dawnah,25.2934,51.5014,Riots,1,0
Qatar,Al Khor,25.7618,51.3405,Protests,3,0
Qatar,Ar Rayyan,24.931,50.9784,Protests,9,0
Qatar,Ash Sheehaniya,25.4451,51.0111,Protests,2,0
Qatar,Ash Sheehaniya,25.4451,51.0111,Riots,1,0
Qatar,Umm Salal,25.4782,51.3371,Protests,3,0
Saudi Arabia,Al Madinah,25.0041,39.9162,Protests,2,0
Saudi Arabia,Al Qassim,26.2766,43.325,Battles,2,4
Saudi Arabia,Al Qassim,26.2766,43.325,Protests,1,0
Saudi Arabia,Ar Riyadh,23.4556,45.232,Battles,4,6
Saudi Arabia,Ar Riyadh,23.4556,45.232,Protests,2,0
Saudi Arabia,Ar Riyadh,23.4556,45.232,Violence against civilians,9,1
Saudi Arabia,Ash Sharqiyah,23.5255,49.9021,Violence against civilians,1,1
Saudi Arabia,Asir,19.2036,42.9532,Battles,9,60
Saudi Arabia,Asir,19.2036,42.9532,Violence against civilians,1,0
Saudi Arabia,Eastern,23.1567,50.3153,Battles,29,53
Saudi Arabia,Eastern,23.1567,50.3153,Protests,3,1
Saudi Arabia,Eastern,23.1567,50.3153,Riots,2,0
Saudi Arabia,Eastern,23.1567,50.3153,Violence against civilians,13,7
Saudi Arabia,Jizan,17.353,42.7999,Battles,316,1549
Saudi Arabia,Jizan,17.353,42.7999,Riots,1,3
Saudi Arabia,Jizan,17.353,42.7999,Violence against civilians,8,16
Saudi Arabia,Mecca,21.0317,41.4478,Battles,6,8
Saudi Arabia,Mecca,21.0317,41.4478,Protests,1,0
Saudi Arabia,Mecca,21.0317,41.4478,Violence against civilians,5,6
Saudi Arabia,Najran,18.2376,45.6117,Battles,107,648
Saudi Arabia,Najran,18.2376,45.6117,Protests,1,0
Saudi Arabia,Najran,18.2376,45.6117,Violence against civilians,2,1
Saudi Arabia,Tabuk,27.2704,38.9507,Battles,1,1
Saudi Arabia,Tabuk,27.2704,38.9507,Protests,1,0
Syria,Al Hasakeh,36.4131,40.5519,Battles,1696,2642
Syria,Al Hasakeh,36.4131,40.5519,Protests,391,14
Syria,Al Hasakeh,36.4131,40.5519,Riots,69,8
Syria,Al Hasakeh,36.4131,40.5519,Violence against civilians,2031,856
Syria,Aleppo,36.1445,37.3978,Battles,5496,8461
Syria,Aleppo,36.1445,37.3978,Protests,1201,47
Syria,Aleppo,36.1445,37.3978,Riots,66,5
Syria,Aleppo,36.1445,37.3978,Violence against civilians,2441,993
Syria,Ar Raqqa,36.0265,38.922,Battles,2111,6338
Syria,Ar Raqqa,36.0265,38.922,Protests,156,13
Syria,Ar Raqqa,36.0265,38.922,Riots,20,19
Syria,Ar Raqqa,36.0265,38.922,Violence against civilians,1325,817
Syria,As Sweida,32.7624,36.8919,Battles,333,827
Syria,As Sweida,32.7624,36.8919,Protests,885,1
Syria,As Sweida,32.7624,36.8919,Riots,132,9
Syria,As Sweida,32.7624,36.8919,Violence against civilians,367,250
Syria,Damascus,33.5153,36.2738,Battles,547,2088
Syria,Damascus,33.5153,36.2738,Protests,13,0
Syria,Damascus,33.5153,36.2738,Violence against civilians,200,205
Syria,Dara,32.831,36.1112,Battles,2516,4672
Syria,Dara,32.831,36.1112,Protests,314,0
Syria,Dara,32.831,36.1112,Riots,42,0
Syria,Dara,32.831,36.1112,Violence against civilians,1638,1513
Syria,Deir ez Zor,35.2318,40.2761,Battles,5281,12690
Syria,Deir ez Zor,35.2318,40.2761,Protests,387,8
Syria,Deir ez Zor,35.2318,40.2761,Riots,186,7
Syria,Deir ez Zor,35.2318,40.2761,Violence against civilians,2311,1771
Syria,Hama,35.3165,37.3411,Battles,2495,8354
Syria,Hama,35.3165,37.3411,Protests,73,0
Syria,Hama,35.3165,37.3411,Riots,1,0
Syria,Hama,35.3165,37.3411,Violence against civilians,157,496
Syria,Homs,34.4708,38.2063,Battles,1575,4953
Syria,Homs,34.4708,38.2063,Protests,35,1
Syria,Homs,34.4708,38.2063,Riots,7,1
Syria,Homs,34.4708,38.2063,Violence against civilians,279,561
Syria,Idleb,35.8547,36.5648,Battles,2973,5861
Syria,Idleb,35.8547,36.5648,Protests,1515,4
Syria,Idleb,35.8547,36.5648,Riots,21,1
Syria,Idleb,35.8547,36.5648,Violence against civilians,1106,1092
Syria,Lattakia,35.5854,35.9916,Battles,609,1601
Syria,Lattakia,35.5854,35.9916,Protests,7,0
Syria,Lattakia,35.5854,35.9916,Riots,1,0
Syria,Lattakia,35.5854,35.9916,Violence against civilians,28,46
Syria,Quneitra,33.0113,35.7989,Battles,219,492
Syria,Quneitra,33.0113,35.7989,Protests,16,0
Syria,Quneitra,33.0113,35.7989,Riots,2,0
Syria,Quneitra,33.0113,35.7989,Violence against civilians,54,35
Syria,Rural Damascus,33.4538,37.4305,Battles,2101,7617
Syria,Rural Damascus,33.4538,37.4305,Protests,96,5
Syria,Rural Damascus,33.4538,37.4305,Riots,10,0
Syria,Rural Damascus,33.4538,37.4305,Violence against civilians,1019,1869
Syria,Tartous,34.9536,36.075,Battles,6,17
Syria,Tartous,34.9536,36.075,Protests,4,0
Syria,Tartous,34.9536,36.075,Violence against civilians,20,14
Turkey,Adana,37.4745,35.3726,Battles,5,0
Turkey,Adana,37.4745,35.3726,Protests,854,0
Turkey,Adana,37.4745,35.3726,Riots,24,0
Turkey,Adana,37.4745,35.3726,Violence against civilians,26,2
Turkey,Adiyaman,37.815,38.2092,Battles,10,16
Turkey,Adiyaman,37.815,38.2092,Protests,151,0
Turkey,Adiyaman,37.815,38.2092,Riots,3,0
Turkey,Adiyaman,37.815,38.2092,Violence against civilians,1,0
Turkey,Afyonkarahisar,38.5248,30.6111,Protests,39,0
Turkey,Afyonkarahisar,38.5248,30.6111,Riots,2,0
Turkey,Afyonkarahisar,38.5248,30.6111,Violence against civilians,9,0
Turkey,Agri,39.466,43.4673,Battles,114,119
Turkey,Agri,39.466,43.4673,Protests,112,0
Turkey,Agri,39.466,43.4673,Violence against civilians,17,6
Turkey,Aksaray,38.5127,33.8656,Battles,1,0
Turkey,Aksaray,38.5127,33.8656,Protests,12,0
Turkey,Aksaray,38.5127,33.8656,Violence against civilians,2,0
Turkey,Amasya,40.6554,35.8544,Protests,48,0
Turkey,Amasya,40.6554,35.8544,Riots,3,0
Turkey,Amasya,40.6554,35.8544,Violence against civilians,1,0
Turkey,Ankara,39.7073,32.5011,Battles,6,10
Turkey,Ankara,39.7073,32.5011,Protests,3188,0
Turkey,Ankara,39.7073,32.5011,Riots,57,0
Turkey,Ankara,39.7073,32.5011,Violence against civilians,27,3
Turkey,Antalya,36.7628,31.9301,Protests,422,0
Turkey,Antalya,36.7628,31.9301,Riots,15,1
Turkey,Antalya,36.7628,31.9301,Violence against civilians,9,3
Turkey,Ardahan,41.1153,42.9326,Battles,2,15
Turkey,Ardahan,41.1153,42.9326,Protests,24,0
Turkey,Artvin,41.0385,41.8484,Protests,96,1
Turkey,Artvin,41.0385,41.8484,Riots,1,0
Turkey,Aydin,37.7322,28.0578,Battles,1,1
Turkey,Aydin,37.7322,28.0578,Protests,176,0
Turkey,Aydin,37.7322,28.0578,Riots,4,0
Turkey,Aydin,37.7322,28.0578,Violence against civilians,2,0
Turkey,Balikesir,39.8038,27.9824,Battles,3,2
Turkey,Balikesir,39.8038,27.9824,Protests,163,0
Turkey,Balikesir,39.8038,27.9824,Riots,1,0
Turkey,Balikesir,39.8038,27.9824,Violence against civilians,5,0
Turkey,Bartin,41.571,32.4886,Protests,27,0
Turkey,Bartin,41.571,32.4886,Riots,1,0
Turkey,Batman,38.0226,41.3125,Battles,28,34
Turkey,Batman,38.0226,41.3125,Protests,512,0
Turkey,Batman,38.0226,41.3125,Riots,17,0
Turkey,Batman,38.0226,41.3125,Violence against civilians,9,2
Turkey,Bayburt,40.2477,40.2223,Protests,19,0
Turkey,Bayburt,40.2477,40.2223,Riots,2,0
Turkey,Bilecik,40.1112,30.1285,Protests,41,0
Turkey,Bingol,39.0247,40.718,Battles,59,141
Turkey,Bingol,39.0247,40.718,Protests,71,0
Turkey,Bingol,39.0247,40.718,Riots,1,0
Turkey,Bingol,39.0247,40.718,Violence against civilians,3,3
Turkey,Bitlis,38.4969,42.2274,Battles,86,165
Turkey,Bitlis,38.4969,42.2274,Protests,73,0
Turkey,Bitlis,38.4969,42.2274,Riots,1,0
Turkey,Bitlis,38.4969,42.2274,Violence against civilians,7,2
Turkey,Bolu,40.5731,31.59,Protests,72,0
Turkey,Bolu,40.5731,31.59,Riots,3,0
Turkey,Bolu,40.5731,31.59,Violence against civilians,6,0
Turkey,Burdur,37.326,30.2481,Protests,39,0
Turkey,Burdur,37.326,30.2481,Riots,1,0
Turkey,Burdur,37.326,30.2481,Violence against civilians,1,0
Turkey,Bursa,40.1017,28.9389,Battles,2,0
Turkey,Bursa,40.1017,28.9389,Protests,374,0
Turkey,Bursa,40.1017,28.9389,Riots,23,1
Turkey,Bursa,40.1017,28.9389,Violence against civilians,6,0
Turkey,Canakkale,39.9635,26.8428,Protests,96,0
Turkey,Canakkale,39.9635,26.8428,Riots,3,0
Turkey,Canakkale,39.9635,26.8428,Violence against civilians,1,0
Turkey,Cankiri,40.6726,33.4398,Protests,17,0
Turkey,Corum,40.646,34.7294,Protests,67,0
Turkey,Corum,40.646,34.7294,Riots,3,0
Turkey,Corum,40.646,34.7294,Violence against civilians,1,0
Turkey,Denizli,37.6788,29.2458,Protests,208,0
Turkey,Denizli,37.6788,29.2458,Riots,3,0
Turkey,Denizli,37.6788,29.2458,Violence against civilians,4,0
Turkey,Diyarbakir,38.1105,40.2245,Battles,265,414
Turkey,Diyarbakir,38.1105,40.2245,Protests,2231,0
Turkey,Diyarbakir,38.1105,40.2245,Riots,33,1
Turkey,Diyarbakir,38.1105,40.2245,Violence against civilians,97,14
Turkey,Duzce,40.8687,31.2116,Protests,58,0
Turkey,Duzce,40.8687,31.2116,Riots,1,0
Turkey,Duzce,40.8687,31.2116,Violence against civilians,2,0
Turkey,Edirne,41.2961,26.6957,Protests,112,0
Turkey,Edirne,41.2961,26.6957,Riots,2,0
Turkey,Edirne,41.2961,26.6957,Violence against civilians,8,1
Turkey,Elazig,38.7101,39.3439,Battles,9,42
Turkey,Elazig,38.7101,39.3439,Protests,86,0
Turkey,Elazig,38.7101,39.3439,Riots,6,0
Turkey,Elazig,38.7101,39.3439,Violence against civilians,26,0
Turkey,Erzincan,39.5452,39.043,Battles,15,24
Turkey,Erzincan,39.5452,39.043,Protests,28,0
Turkey,Erzincan,39.5452,39.043,Riots,1,0
Turkey,Erzurum,40.0725,41.4751,Battles,17,40
Turkey,Erzurum,40.0725,41.4751,Protests,124,0
Turkey,Erzurum,40.0725,41.4751,Riots,6,0
Turkey,Erzurum,40.0725,41.4751,Violence against civilians,7,6
Turkey,Eskisehir,39.6143,31.0627,Battles,2,3
Turkey,Eskisehir,39.6143,31.0627,Protests,293,0
Turkey,Eskisehir,39.6143,31.0627,Riots,4,0
Turkey,Eskisehir,39.6143,31.0627,Violence against civilians,2,0
Turkey,Gaziantep,37.1146,37.2439,Battles,7,13
Turkey,Gaziantep,37.1146,37.2439,Protests,229,0
Turkey,Gaziantep,37.1146,37.2439,Riots,10,0
Turkey,Gaziantep,37.1146,37.2439,Violence against civilians,8,3
Turkey,Giresun,40.5664,38.4409,Battles,7,4
Turkey,Giresun,40.5664,38.4409,Protests,58,0
Turkey,Giresun,40.5664,38.4409,Riots,1,0
Turkey,Giresun,40.5664,38.4409,Violence against civilians,5,0
Turkey,Gumushane,40.3376,39.4286,Battles,5,8
Turkey,Gumushane,40.3376,39.4286,Protests,24,0
Turkey,Gumushane,40.3376,39.4286,Riots,1,0
Turkey,Gumushane,40.3376,39.4286,Violence against civilians,2,0
Turkey,Hakkari,37.3909,43.9965,Battles,628,765
Turkey,Hakkari,37.3909,43.9965,Protests,274,0
Turkey,Hakkari,37.3909,43.9965,Riots,13,0
Turkey,Hakkari,37.3909,43.9965,Violence against civilians,45,29
Turkey,Hatay,36.4111,36.2273,Battles,48,61
Turkey,Hatay,36.4111,36.2273,Protests,347,0
Turkey,Hatay,36.4111,36.2273,Riots,15,7
Turkey,Hatay,36.4111,36.2273,Violence against civilians,14,7
Turkey,Igdir,39.8813,43.9762,Battles,33,11
Turkey,Igdir,39.8813,43.9762,Protests,64,0
Turkey,Igdir,39.8813,43.9762,Riots,3,0
Turkey,Igdir,39.8813,43.9762,Violence against civilians,2,1
Turkey,Isparta,37.9293,30.8094,Protests,21,0
Turkey,Isparta,37.9293,30.8094,Violence against civilians,3,0
Turkey,Istanbul,41.2707,28.4707,Battles,56,21
Turkey,Istanbul,41.2707,28.4707,Protests,5551,1
Turkey,Istanbul,41.2707,28.4707,Riots,122,3
Turkey,Istanbul,41.2707,28.4707,Violence against civilians,119,10
Turkey,Izmir,38.5994,27.042,Battles,13,1
Turkey,Izmir,38.5994,27.042,Protests,2560,0
Turkey,Izmir,38.5994,27.042,Riots,24,4
Turkey,Izmir,38.5994,27.042,Violence against civilians,28,5
Turkey,Kahramanmaras,37.8852,36.8854,Battles,2,4
Turkey,Kahramanmaras,37.8852,36.8854,Protests,70,0
Turkey,Kahramanmaras,37.8852,36.8854,Riots,6,0
Turkey,Kahramanmaras,37.8852,36.8854,Violence against civilians,11,0
Turkey,Karabuk,41.2036,32.5224,Protests,39,0
Turkey,Karabuk,41.2036,32.5224,Riots,2,0
Turkey,Karabuk,41.2036,32.5224,Violence against civilians,1,0
Turkey,Karaman,37.0098,33.1805,Protests,28,0
Turkey,Karaman,37.0098,33.1805,Riots,2,0
Turkey,Kars,40.5157,43.0403,Battles,24,46
Turkey,Kars,40.5157,43.0403,Protests,54,0
Turkey,Kars,40.5157,43.0403,Riots,8,0
Turkey,Kars,40.5157,43.0403,Violence against civilians,4,2
Turkey,Kastamonu,41.4214,33.7891,Protests,24,0
Turkey,Kastamonu,41.4214,33.7891,Riots,2,0
Turkey,Kayseri,38.5057,35.9186,Protests,135,0
Turkey,Kayseri,38.5057,35.9186,Riots,2,0
Turkey,Kayseri,38.5057,35.9186,Violence against civilians,8,1
Turkey,Kilis,36.8316,37.0107,Battles,3,3
Turkey,Kilis,36.8316,37.0107,Protests,19,0
Turkey,Kilis,36.8316,37.0107,Riots,1,0
Turkey,Kirikkale,39.8662,33.6922,Protests,23,0
Turkey,Kirikkale,39.8662,33.6922,Violence against civilians,10,1
Turkey,Kirklareli,41.6597,27.5054,Protests,40,0
Turkey,Kirklareli,41.6597,27.5054,Riots,1,0
Turkey,Kirsehir,39.3091,34.0422,Protests,32,0
Turkey,Kirsehir,39.3091,34.0422,Violence against civilians,2,0
Turkey,Kocaeli,40.8691,29.8208,Battles,1,1
Turkey,Kocaeli,40.8691,29.8208,Protests,368,0
Turkey,Kocaeli,40.8691,29.8208,Riots,10,0
Turkey,Kocaeli,40.8691,29.8208,Violence against civilians,11,1
Turkey,Konya,38.0284,32.412,Battles,2,8
Turkey,Konya,38.0284,32.412,Protests,100,0
Turkey,Konya,38.0284,32.412,Riots,8,8
Turkey,Konya,38.0284,32.412,Violence against civilians,4,1
Turkey,Kutahya,39.3321,29.606,Protests,71,0
Turkey,Kutahya,39.3321,29.606,Riots,2,0
Turkey,Malatya,38.5104,37.8439,Battles,1,1
Turkey,Malatya,38.5104,37.8439,Protests,145,0
Turkey,Malatya,38.5104,37.8439,Riots,7,0
Turkey,Malatya,38.5104,37.8439,Violence against civilians,2,1
Turkey,Manisa,38.7462,28.0939,Protests,237,0
Turkey,Manisa,38.7462,28.0939,Riots,5,0
Turkey,Manisa,38.7462,28.0939,Violence against civilians,9,0
Turkey,Mardin,37.3257,40.7757,Battles,134,248
Turkey,Mardin,37.3257,40.7757,Protests,453,0
Turkey,Mardin,37.3257,40.7757,Riots,29,1
Turkey,Mardin,37.3257,40.7757,Violence against civilians,31,14
Turkey,Mersin,36.7331,33.7591,Battles,5,4
Turkey,Mersin,36.7331,33.7591,Protests,671,0
Turkey,Mersin,36.7331,33.7591,Riots,8,0
Turkey,Mersin,36.7331,33.7591,Violence against civilians,21,1
Turkey,Mugla,36.946,28.646,Battles,1,6
Turkey,Mugla,36.946,28.646,Protests,468,0
Turkey,Mugla,36.946,28.646,Riots,7,0
Turkey,Mus,39.009,41.9466,Battles,25,47
Turkey,Mus,39.009,41.9466,Protests,198,0
Turkey,Mus,39.009,41.9466,Riots,3,0
Turkey,Mus,39.009,41.9466,Violence against civilians,3,0
Turkey,Nevsehir,38.8286,34.6035,Protests,31,0
Turkey,Nevsehir,38.8286,34.6035,Violence against civilians,1,0
Turkey,Nigde,37.8547,34.7331,Protests,35,0
Turkey,Ordu,40.738,37.411,Protests,78,0
Turkey,Ordu,40.738,37.411,Riots,1,1
Turkey,Osmaniye,37.3416,36.2986,Battles,8,30
Turkey,Osmaniye,37.3416,36.2986,Protests,31,0
Turkey,Osmaniye,37.3416,36.2986,Riots,5,0
Turkey,Osmaniye,37.3416,36.2986,Violence against civilians,7,1
Turkey,Rize,40.9104,40.817,Protests,94,0
Turkey,Rize,40.9104,40.817,Riots,5,0
Turkey,Rize,40.9104,40.817,Violence against civilians,3,0
Turkey,Sakarya,40.7353,30.5722,Battles,2,1
Turkey,Sakarya,40.7353,30.5722,Protests,80,0
Turkey,Sakarya,40.7353,30.5722,Riots,2,0
Turkey,Sakarya,40.7353,30.5722,Violence against civilians,6,3
Turkey,Samsun,41.2783,35.8756,Protests,223,0
Turkey,Samsun,41.2783,35.8756,Riots,3,1
Turkey,Samsun,41.2783,35.8756,Violence against civilians,5,0
Turkey,Sanliurfa,37.3442,38.9233,Battles,20,34
Turkey,Sanliurfa,37.3442,38.9233,Protests,523,0
Turkey,Sanliurfa,37.3442,38.9233,Riots,32,0
Turkey,Sanliurfa,37.3442,38.9233,Violence against civilians,35,10
Turkey,Siirt,37.9278,42.0911,Battles,131,223
Turkey,Siirt,37.9278,42.0911,Protests,123,0
Turkey,Siirt,37.9278,42.0911,Riots,2,1
Turkey,Siirt,37.9278,42.0911,Violence against civilians,7,7
Turkey,Sinop,41.6486,34.992,Protests,31,0
Turkey,Sirnak,37.4379,42.5882,Battles,422,827
Turkey,Sirnak,37.4379,42.5882,Protests,489,0
Turkey,Sirnak,37.4379,42.5882,Riots,17,0
Turkey,Sirnak,37.4379,42.5882,Violence against civilians,29,22
Turkey,Sivas,39.5473,37.2125,Protests,83,0
Turkey,Sivas,39.5473,37.2125,Violence against civilians,1,0
Turkey,Tekirdag,41.0734,27.3901,Protests,94,0
Turkey,Tekirdag,41.0734,27.3901,Riots,3,0
Turkey,Tekirdag,41.0734,27.3901,Violence against civilians,11,1
Turkey,Tokat,40.4006,36.6865,Protests,21,0
Turkey,Tokat,40.4006,36.6865,Riots,1,0
Turkey,Tokat,40.4006,36.6865,Violence against civilians,4,0
Turkey,Trabzon,40.8094,39.7814,Battles,4,4
Turkey,Trabzon,40.8094,39.7814,Protests,118,0
Turkey,Trabzon,40.8094,39.7814,Riots,7,0
Turkey,Trabzon,40.8094,39.7814,Violence against civilians,3,0
Turkey,Tunceli,39.1892,39.347,Battles,149,288
Turkey,Tunceli,39.1892,39.347,Protests,352,0
Turkey,Tunceli,39.1892,39.347,Riots,1,0
Turkey,Tunceli,39.1892,39.347,Violence against civilians,4,3
Turkey,Usak,38.5491,29.3243,Protests,42,0
Turkey,Usak,38.5491,29.3243,Violence against civilians,1,0
Turkey,Van,38.5455,43.5949,Battles,137,221
Turkey,Van,38.5455,43.5949,Protests,637,0
Turkey,Van,38.5455,43.5949,Riots,23,0
Turkey,Van,38.5455,43.5949,Violence against civilians,55,16
Turkey,Yalova,40.5992,29.2123,Protests,33,0
Turkey,Yozgat,39.6218,35.2999,Protests,22,0
Turkey,Yozgat,39.6218,35.2999,Riots,1,0
Turkey,Zonguldak,41.2978,31.8293,Protests,72,0
United Arab Emirates,Abu Dhabi,23.7727,53.7133,Protests,6,0
United Arab Emirates,Abu Dhabi,23.7727,53.7133,Violence against civilians,2,0
United Arab Emirates,Ash Shariqah,25.1368,55.8094,Protests,1,0
United Arab Emirates,Ash Shariqah,25.1368,55.8094,Riots,1,0
United Arab Emirates,Ash Shariqah,25.1368,55.8094,Violence against civilians,1,2
United Arab Emirates,Dubai,24.9904,55.3711,Protests,4,0
United Arab Emirates,Dubai,24.9904,55.3711,Violence against civilians,1,1
Yemen,Abyan,13.6274,46.228,Battles,1273,1952
Yemen,Abyan,13.6274,46.228,Protests,308,0
Yemen,Abyan,13.6274,46.228,Riots,20,1
Yemen,Abyan,13.6274,46.228,Violence against civilians,146,97
Yemen,Ad Dali,13.8943,44.7825,Battles,2256,7202
Yemen,Ad Dali,13.8943,44.7825,Protests,347,1
Yemen,Ad Dali,13.8943,44.7825,Riots,7,0
Yemen,Ad Dali,13.8943,44.7825,Violence against civilians,209,116
Yemen,Aden,12.8058,44.788,Battles,557,409
Yemen,Aden,12.8058,44.788,Protests,756,18
Yemen,Aden,12.8058,44.788,Riots,190,17
Yemen,Aden,12.8058,44.788,Violence against civilians,466,213
Yemen,Al Bayda,14.326,45.216,Battles,1319,5288
Yemen,Al Bayda,14.326,45.216,Protests,194,1
Yemen,Al Bayda,14.326,45.216,Riots,4,1
Yemen,Al Bayda,14.326,45.216,Violence against civilians,144,130
Yemen,Al Hudaydah,14.7791,43.2181,Battles,3049,11718
Yemen,Al Hudaydah,14.7791,43.2181,Protests,739,1
Yemen,Al Hudaydah,14.7791,43.2181,Riots,2,2
Yemen,Al Hudaydah,14.7791,43.2181,Violence against civilians,372,147
Yemen,Al Jawf,16.5962,45.5989,Battles,1545,8440
Yemen,Al Jawf,16.5962,45.5989,Protests,651,0
Yemen,Al Jawf,16.5962,45.5989,Riots,1,14
Yemen,Al Jawf,16.5962,45.5989,Violence against civilians,88,85
Yemen,Al Mahrah,17.0575,51.8238,Battles,34,22
Yemen,Al Mahrah,17.0575,51.8238,Protests,89,0
Yemen,Al Mahrah,17.0575,51.8238,Riots,1,0
Yemen,Al Mahrah,17.0575,51.8238,Violence against civilians,28,9
Yemen,Al Mahwit,15.3084,43.4994,Battles,10,27
Yemen,Al Mahwit,15.3084,43.4994,Protests,810,0
Yemen,Al Mahwit,15.3084,43.4994,Violence against civilians,20,5
Yemen,Amanat al Asimah,15.4201,44.1919,Battles,65,304
Yemen,Amanat al Asimah,15.4201,44.1919,Protests,738,5
Yemen,Amanat al Asimah,15.4201,44.1919,Riots,8,3
Yemen,Amanat al Asimah,15.4201,44.1919,Violence against civilians,328,178
Yemen,Amran,16.1156,43.9414,Battles,56,130
Yemen,Amran,16.1156,43.9414,Protests,641,0
Yemen,Amran,16.1156,43.9414,Riots,2,0
Yemen,Amran,16.1156,43.9414,Violence against civilians,87,38
Yemen,Coast of Hawf,16.5757,53.0427,Violence against civilians,1,1
Yemen,Dhamar,14.5395,44.3063,Battles,75,111
Yemen,Dhamar,14.5395,44.3063,Protests,829,0
Yemen,Dhamar,14.5395,44.3063,Violence against civilians,133,48
Yemen,Gulf of Aden,12.4081,48.278,Battles,6,0
Yemen,Hadramawt,16.5288,48.6269,Battles,138,199
Yemen,Hadramawt,16.5288,48.6269,Protests,357,3
Yemen,Hadramawt,16.5288,48.6269,Riots,88,2
Yemen,Hadramawt,16.5288,48.6269,Violence against civilians,137,106
Yemen,Hajjah,16.0944,43.2039,Battles,684,4098
Yemen,Hajjah,16.0944,43.2039,Protests,969,0
Yemen,Hajjah,16.0944,43.2039,Riots,2,0
Yemen,Hajjah,16.0944,43.2039,Violence against civilians,51,77
Yemen,Ibb,14.0881,44.175,Battles,221,332
Yemen,Ibb,14.0881,44.175,Protests,1756,1
Yemen,Ibb,14.0881,44.175,Riots,7,1
Yemen,Ibb,14.0881,44.175,Violence against civilians,452,190
Yemen,Lahij,13.3204,44.7623,Battles,1233,2364
Yemen,Lahij,13.3204,44.7623,Protests,213,0
Yemen,Lahij,13.3204,44.7623,Riots,31,0
Yemen,Lahij,13.3204,44.7623,Violence against civilians,143,73
Yemen,Marib,15.3329,45.4523,Battles,2638,13180
Yemen,Marib,15.3329,45.4523,Protests,688,0
Yemen,Marib,15.3329,45.4523,Riots,6,2
Yemen,Marib,15.3329,45.4523,Violence against civilians,93,87
Yemen,Raymah,14.657,43.6874,Battles,6,11
Yemen,Raymah,14.657,43.6874,Protests,396,0
Yemen,Raymah,14.657,43.6874,Violence against civilians,13,11
Yemen,Sadah,17.0883,44.0424,Battles,1762,10518
Yemen,Sadah,17.0883,44.0424,Protests,1129,2
Yemen,Sadah,17.0883,44.0424,Riots,3,7
Yemen,Sadah,17.0883,44.0424,Violence against civilians,386,507
Yemen,Sanaa,15.3931,44.4753,Battles,689,3892
Yemen,Sanaa,15.3931,44.4753,Protests,455,0
Yemen,Sanaa,15.3931,44.4753,Riots,1,1
Yemen,Sanaa,15.3931,44.4753,Violence against civilians,101,56
Yemen,Shabwah,14.651,46.62,Battles,894,1880
Yemen,Shabwah,14.651,46.62,Protests,222,4
Yemen,Shabwah,14.651,46.62,Riots,21,6
Yemen,Shabwah,14.651,46.62,Violence against civilians,224,117
Yemen,South Red Sea,15.5791,40.9906,Battles,4,10
Yemen,South Red Sea,15.5791,40.9906,Violence against civilians,7,2
Yemen,Strait of Bab el Mandeb,12.613,43.3362,Battles,2,0
Yemen,Suqutra,12.5081,53.893,Battles,31,8
Yemen,Suqutra,12.5081,53.893,Protests,77,0
Yemen,Suqutra,12.5081,53.893,Riots,3,0
Yemen,Suqutra,12.5081,53.893,Violence against civilians,19,0
Yemen,Taizz,13.2949,43.7855,Battles,3403,11374
Yemen,Taizz,13.2949,43.7855,Protests,1011,3
Yemen,Taizz,13.2949,43.7855,Riots,33,4
Yemen,Taizz,13.2949,43.7855,Violence against civilians,712,405
